time_sec,latitude,longitude,speed_kmh,heading
0.0,12.971600,79.158500,28.4,42.0
2.0,12.971750,79.158680,31.2,44.5
4.0,12.971910,79.158860,33.0,45.0
6.0,12.972080,79.159040,32.8,46.0
8.0,12.972240,79.159230,29.5,47.2
10.0,12.972410,79.159410,24.1,48.0
12.0,12.972570,79.159600,18.5,50.1
14.0,12.972730,79.159790,26.0,52.0
16.0,12.972900,79.159980,31.4,53.5
18.0,12.973080,79.160180,34.0,54.0
20.0,12.973250,79.160370,35.2,55.0
22.0,12.973430,79.160570,32.0,56.2
24.0,12.973600,79.160760,22.4,58.0
26.0,12.973780,79.160960,19.0,60.1
28.0,12.973950,79.161150,27.5,61.0
30.0,12.974120,79.161350,33.1,62.5
32.0,12.974300,79.161550,35.0,63.0
34.0,12.974480,79.161760,30.2,64.2
36.0,12.974650,79.161960,21.5,65.0
38.0,12.974830,79.162160,28.0,66.0
40.0,12.975000,79.162360,32.5,66.5
